{
  "id": "alef_bet_retrograde_combined",
  "region": "Middle East",
  "thumbnail": "illustrations/thumbnail.jpg",
  "classification": ["personal"],
  "fallback_to_international_names": false,
  "constellations": [
    {
      "id": "CON alef_bet_art_combined ALF",
      "lines": [[21421,20889,17702,13209,8796],[13209,15900,16083],[14838,9884]],
      "common_name": {"english": "Ox:Alef:א", "native": "א Alef"}
    },
    {
      "id": "CON alef_bet_art_combined BET",
      "lines": [[27989,20205,14576,25428,18246]],
      "common_name": {"english": "House:Bet:ב", "native": "ב Bet"}
    },
    {
      "id": "CON alef_bet_art_combined GML",
      "lines": [[32246,25428,27989]],
      "common_name": {"english": "Camel:Gimel:ג", "native": "ג Gimel"}
    },
    {
      "id": "CON alef_bet_art_combined DLT",
      "lines": [[24608,28360,36850,37826,37740,28380],[28360,28380,29696]],
      "common_name": {"english": "Door:Dawlet:ד", "native": "ד Dawlet"}
    },
    {
      "id": "CON alef_bet_art_combined HEY",
      "lines": [[49669,36850],[47508,37279,37826,47508]],
      "common_name": {"english": "Window:Hey:ה", "native": "ה Hey"}
    },
    {
      "id": "CON alef_bet_art_combined WAW",
      "lines": [[43813,43109,44127,50801,55203,54539],[44127,47908]],
      "common_name": {"english": "Hook:Waw:ו", "native": "ו Waw"}
    },
    {
      "id": "CON alef_bet_art_combined ZYN",
      "lines": [[58590,54879,47908,49669],[57632,54872,45860,48455],[54872,54879]],
      "common_name": {"english": "Seed Reproduction:Zayin:ז", "native": "ז Zayin"}
    },
    {
      "id": "CON alef_bet_art_combined KHT",
      "lines": [[60129,55434,54879,53417,57565,58948,60129],[58948,54879]],
      "common_name": {"english": "Fence:Khet:ח", "native": "ח Khet"}
    },
    {
      "id": "CON alef_bet_art_combined THT",
      "lines": [[63608,64238,57757,55642,54872],[61941,57565],[61960,58590]],
      "common_name": {"english": "Winding (covering):Thet:ט", "native": "ט Thet"}
    },
    {
      "id": "CON alef_bet_art_combined YOD",
      "lines": [[72220,63608,66249,69974,61941],[66249,69701]],
      "common_name": {"english": "Hand:Yod:י", "native": "י Yod"}
    },
    {
      "id": "CON alef_bet_art_combined KAF",
      "lines": [[74392,69974,66249,68520,71957],[66249,64852]],
      "common_name": {"english": "Foot/Hand:Kaf:כ", "native": "כ Kaf"}
    },
    {
      "id": "CON alef_bet_art_combined LMD",
      "lines": [[69673,80763,72622]],
      "common_name": {"english": "Ox Goad:Lamed:ל", "native": "ל Lamed"}
    },
    {
      "id": "CON alef_bet_art_combined MEM",
      "lines": [[90185,85927,74785,78727,77516,79882,77622]],
      "common_name": {"english": "Water:Mem:מ", "native": "מ Mem"}
    },
    {
      "id": "CON alef_bet_art_combined NUN",
      "lines": [[90496,88635,81377,86263,83262]],
      "common_name": {"english": "Fish:Nun:נ", "native": "נ Nun"}
    },
    {
      "id": "CON alef_bet_art_combined SMK",
      "lines": [[87073,88635,89341],[88635,84970,81377,86263,89341,98066],[86263,83262,88404,95176],[88404,85355,92175]],
      "common_name": {"english": "Support:Samek:ס", "native": "ס Samek"}
    },
    {
      "id": "CON alef_bet_art_combined AYN",
      "lines": [[95168,100345,100064,93805,95176]],
      "common_name": {"english": "Eye:Ayin:ע", "native": "ע Ayin"}
    },
    {
      "id": "CON alef_bet_art_combined PHE",
      "lines": [[105515,100195,93805,100064]],
      "common_name": {"english": "Mouth:Pe:פ", "native": "פ Pe"}
    },
    {
      "id": "CON alef_bet_art_combined TSD",
      "lines": [[111123,107315,102532],[107315,97649,106278,95501,107556]],
      "common_name": {"english": "Fish Hook:Tsade:צ", "native": "צ Tsade"}
    },
    {
      "id": "CON alef_bet_art_combined QOF",
      "lines": [[112029,113889,110882,111497,112961],[111497,109074,109427]],
      "common_name": {"english": "Monkey:Qof:ק", "native": "ק Qof"}
    },
    {
      "id": "CON alef_bet_art_combined RSH",
      "lines": [[1562,112029,118268,114971]],
      "common_name": {"english": "Head (lion):Resh:ר", "native": "ר Resh"}
    },
    {
      "id": "CON alef_bet_art_combined SHN",
      "lines": [[5447,7097,677,3786,113881]],
      "common_name": {"english": "Teeth:Shin:ש", "native": "ש Shin"}
    },
    {
      "id": "CON alef_bet_art_combined TAV",
      "lines": [[16083,15900,5447],[13209,8903]],
      "common_name": {"english": "Mark:Tav:ת", "native": "ת Tav"}
    }
  ]
}
