{
  "id": "alef_bet_art_combined",
  "region": "Fertile Crescent",
  "thumbnail": "illustrations/thumbnail.jpg",
  "classification": ["personal"],
  "fallback_to_international_names": false,
  "constellations": [
    {
      "id": "CON alef_bet_art_combined ALF",
      "lines": [[20205,21421,20889,17702,8903],[13209,15900],[16369,10324]],
      "image": {
        "file": "illustrations/alef.png",
        "size": [256, 256],
        "anchors": [
          {"pos": [55,146],  "hip": 21421},
          {"pos": [200,89],  "hip": 8903},
          {"pos": [130,161], "hip": 15900}
        ]
      },
      "common_name": {"english": "Ox:Alef:א", "native": "א Alef"}
    },
    {
      "id": "CON alef_bet_art_combined BET",
      "lines": [[27989,20894,17529,25428,18614]],
      "image": {
        "file": "illustrations/bet.png",
        "size": [256, 256],
        "anchors": [
          {"pos": [96,125],  "hip": 25428},
          {"pos": [165,72],  "hip": 18532},
          {"pos": [151,168], "hip": 21421}
        ]
      },
      "common_name": {"english": "House:Bet:ב", "native": "ב Bet"}
    },
    {
      "id": "CON alef_bet_art_combined GML",
      "lines": [[32246,25428,27989]],
      "image": {
        "file": "illustrations/gimel.png",
        "size": [256, 256],
        "anchors": [
          {"pos": [131,181], "hip": 27989},
          {"pos": [157,89],  "hip": 25428},
          {"pos": [96,114],  "hip": 32246}
        ]
      },
      "common_name": {"english": "Camel:Gimel:ג", "native": "ג Gimel"}
    },
    {
      "id": "CON alef_bet_art_combined DLT",
      "lines": [[24608,28360,36850,37826,28380],[28360,28380,29696]],
      "image": {
        "file": "illustrations/dawlet.png",
        "size": [256, 256],
        "anchors": [
          {"pos": [196,79],  "hip": 24608},
          {"pos": [193,165], "hip": 25428},
          {"pos": [50,156],  "hip": 37826}
        ]
      },
      "common_name": {"english": "Door:Dawlet:ד", "native": "ד Dawlet"}
    },
    {
      "id": "CON alef_bet_art_combined HEY",
      "lines": [[47508,49669,36850],[45336,37279,37826,45336]],
      "image": {
        "file": "illustrations/he.png",
        "size": [256, 256],
        "anchors": [
          {"pos": [65,126],  "hip": 49669},
          {"pos": [171,107], "hip": 37826},
          {"pos": [164,165], "hip": 37279}
        ]
      },
      "common_name": {"english": "Window:Hey:ה", "native": "ה Hey"}
    },
    {
      "id": "CON alef_bet_art_combined WAW",
      "lines": [[48455,49669,43103,43109,43813],[43103,47508]],
      "image": {
        "file": "illustrations/waw.png",
        "size": [256, 256],
        "anchors": [
          {"pos": [82,131],  "hip": 49637},
          {"pos": [123,68],  "hip": 48455},
          {"pos": [170,179], "hip": 42313}
        ]
      },
      "common_name": {"english": "Hook:Waw:ו", "native": "ו Waw"}
    },
    {
      "id": "CON alef_bet_art_combined ZYN",
      "lines": [[60129,55642,49583,51624],[57632,54872,48455,50583],[54872,55642]],
      "image": {
        "file": "illustrations/zayin.png",
        "size": [256, 256],
        "anchors": [
          {"pos": [84,105],  "hip": 58159},
          {"pos": [183,129], "hip": 50583},
          {"pos": [153,166], "hip": 51624}
        ]
      },
      "common_name": {"english": "Seed Reproduction:Zayin:ז", "native": "ז Zayin"}
    },
    {
      "id": "CON alef_bet_art_combined KHT",
      "lines": [[57757,56647,56127,53807,54182],[54182,56647],[54182,54879,55642,57757]],
      "image": {
        "file": "illustrations/khet.png",
        "size": [256, 256],
        "anchors": [
          {"pos": [103,168], "hip": 56127},
          {"pos": [175,67],  "hip": 54879},
          {"pos": [165,150], "hip": 53807}
        ]
      },
      "common_name": {"english": "Fence:Khet:ח", "native": "ח Khet"}
    },
    {
      "id": "CON alef_bet_art_combined THT",
      "lines": [[63608,63090,61740,54182,54879,54872],[60129,57632],[58948,57380]],
      "image": {
        "file": "illustrations/thet.png",
        "size": [256, 256],
        "anchors": [
          {"pos": [59,76],  "hip": 63608},
          {"pos": [230,91], "hip": 54872},
          {"pos": [90,162], "hip": 60129}
        ]
      },
      "common_name": {"english": "Winding (covering):Thet:ט", "native": "ט Thet"}
    },
    {
      "id": "CON alef_bet_art_combined YOD",
      "lines": [[69701,63090,65474,68895,60965,59803],[65474,69269]],
      "image": {
        "file": "illustrations/yod.png",
        "size": [256, 256],
        "anchors": [
          {"pos": [90,98],   "hip": 69701},
          {"pos": [164,94],  "hip": 63090},
          {"pos": [156,162], "hip": 61174}
        ]
      },
      "common_name": {"english": "Hand:Yod:י", "native": "י Yod"}
    },
    {
      "id": "CON alef_bet_art_combined KAF",
      "lines": [[74392,72571,69427,66249],[69427,69389,71957]],
      "image": {
        "file": "illustrations/kaf.png",
        "size": [256, 256],
        "anchors": [
          {"pos": [70,149],  "hip": 74392},
          {"pos": [123,102], "hip": 71957},
          {"pos": [198,106], "hip": 66249}
        ]
      },
      "common_name": {"english": "Foot/Hand:Kaf:כ", "native": "כ Kaf"}
    },
    {
      "id": "CON alef_bet_art_combined LMD",
      "lines": [[69673,80763,72622]],
      "image": {
        "file": "illustrations/lamed.png",
        "size": [256, 256],
        "anchors": [
          {"pos": [41,198],  "hip": 78401},
          {"pos": [214,54],  "hip": 70027},
          {"pos": [129,186], "hip": 72622}
        ]
      },
      "common_name": {"english": "Ox Goad:Lamed:ל", "native": "ל Lamed"}
    },
    {
      "id": "CON alef_bet_art_combined MEM",
      "lines": [[78727,80894,78207,79374,76333,81266,84970]],
      "image": {
        "file": "illustrations/mem.png",
        "size": [256, 256],
        "anchors": [
          {"pos": [16,168], "hip": 84970},
          {"pos": [165,65], "hip": 78727},
          {"pos": [220,106], "hip": 76333}
        ]
      },
      "common_name": {"english": "Water:Mem:מ", "native": "מ Mem"}
    },
    {
      "id": "CON alef_bet_art_combined NUN",
      "lines": [[86565,89341,84012,90185,93506]],
      "image": {
        "file": "illustrations/nun.png",
        "size": [256, 256],
        "anchors": [
          {"pos": [41,166], "hip": 93864},
          {"pos": [168,66], "hip": 86565},
          {"pos": [218,89], "hip": 84012}
        ]
      },
      "common_name": {"english": "Fish:Nun:נ", "native": "נ Nun"}
    },
    {
      "id": "CON alef_bet_art_combined SMK",
      "lines": [[91117,83262,86769],[94820,86263,84012,86736],[96465,90496,88116,84970,90185],[90496,90185,90982]],
      "image": {
        "file": "illustrations/samek.png",
        "size": [256, 256],
        "anchors": [
          {"pos": [53,136], "hip": 96406},
          {"pos": [104,61], "hip": 91117},
          {"pos": [178,130], "hip": 84970}
        ]
      },
      "common_name": {"english": "Support:Samek:ס", "native": "ס Samek"}
    },
    {
      "id": "CON alef_bet_art_combined AYN",
      "lines": [[100345,100064,93805,95176,100345]],
      "image": {
        "file": "illustrations/ayin.png",
        "size": [256, 256],
        "anchors": [
          {"pos": [86,141], "hip": 100064},
          {"pos": [170,98], "hip": 93429},
          {"pos": [152,148], "hip": 95176}
        ]
      },
      "common_name": {"english": "Eye:Ayin:ע", "native": "ע Ayin"}
    },
    {
      "id": "CON alef_bet_art_combined PHE",
      "lines": [[107188,105881,100345,104139]],
      "image": {
        "file": "illustrations/pe.png",
        "size": [256, 256],
        "anchors": [
          {"pos": [61,156],  "hip": 107188},
          {"pos": [207,79],  "hip": 100345},
          {"pos": [101,178], "hip": 105881}
        ]
      },
      "common_name": {"english": "Mouth:Pe:פ", "native": "פ Pe"}
    },
    {
      "id": "CON alef_bet_art_combined TSD",
      "lines": [[112961,110395,110395,109068],[110395,106278,110003,104459,106985]],
      "image": {
        "file": "illustrations/tsade.png",
        "size": [256, 256],
        "anchors": [
          {"pos": [74,163],  "hip": 112961},
          {"pos": [99,89],   "hip": 109427},
          {"pos": [150,121], "hip": 106278}
        ]
      },
      "common_name": {"english": "Fish Hook:Tsade:צ", "native": "צ Tsade"}
    },
    {
      "id": "CON alef_bet_art_combined QOF",
      "lines": [[1562,116928,3786,1067],[145,114724,113889]],
      "image": {
        "file": "illustrations/qof.png",
        "size": [256, 256],
        "anchors": [
          {"pos": [119,181], "hip": 1562},
          {"pos": [60,126],  "hip": 3786},
          {"pos": [167,102], "hip": 113889}
        ]
      },
      "common_name": {"english": "Monkey:Qof:ק", "native": "ק Qof"}
    },
    {
      "id": "CON alef_bet_art_combined RSH",
      "lines": [[1562,118209,116771,113963,1067,3786,116771]],
      "image": {
        "file": "illustrations/resh.png",
        "size": [256, 256],
        "anchors": [
          {"pos": [85,133], "hip": 3786},
          {"pos": [156,83], "hip": 115444},
          {"pos": [136,181], "hip": 1562}
        ]
      },
      "common_name": {"english": "Head (lion):Resh:ר", "native": "ר Resh"}
    },
    {
      "id": "CON alef_bet_art_combined SHN",
      "lines": [[9884,12828,7097,9487,3786]],
      "image": {
        "file": "illustrations/shin.png",
        "size": [256, 256],
        "anchors": [
          {"pos": [91,90],   "hip": 9884},
          {"pos": [116,172], "hip": 9487},
          {"pos": [166,129], "hip": 4906}
        ]
      },
      "common_name": {"english": "Teeth:Shin:ש", "native": "ש Shin"}
    },
    {
      "id": "CON alef_bet_art_combined TAV",
      "lines": [[16369,5447],[13061,8903]],
      "image": {
        "file": "illustrations/tav.png",
        "size": [256, 256],
        "anchors": [
          {"pos": [78,193],  "hip": 16369},
          {"pos": [170,60],  "hip": 5447},
          {"pos": [102,118], "hip": 13061}
        ]
      },
      "common_name": {"english": "Mark:Tav:ת", "native": "ת Tav"}
    }
  ]
}
